strain_name,image_filename
11 ROSES,
24K,
420 HAZE,
420 KUSH,
91 KRYPT,
Acai Zoda,
Ace,
Achterhocks Blend,
Afircan Grass,
AG 13,
Agent Orange,
AK-47,
AKO20,
Alien Cookies,
Amaretto,
Amaretto Sour,
AMAZING G13,
Amazing Haze,
Amazon Haze,
Amazon Kush,
Amdosia,
AMG Haze,
AMNESIA 1,
AMNESIA 2,
Amnesia Bio,
Amnesia Eco,
AMNESIA G-13,
Amnesia Haze,
AMNESIA HAZE G13,
AMNESIA M4,
Amsterdam Pound Cake,
Animal Face,
Animal Face #10,
Animal Mintz,
Apple Fritter,
Apple Haze,
Apples and Bananas,
Applescotti,
Apricot Haze,
AREA 41,
AREA 51,
Artemiz,
Azuki Mochi,
Azul Runtz,
Babylon,
Bacio,
Bacio de Limon,
Bacio Gelato,
Backberry Kush,
Bakersman,
Baklava,
Baklava Runtz,
Balou Special Haze,
Bamboo Berries,
Banana Cake,
Banana Cream,
Banana Frosted,
Banana Glue,
Banana Glue Haze,
Banana Kush,
Banana Monkeyz,
Banana OG,
Banana OG Mimosa,
Banana Runtz,
Banana Zkittlez,
Beary Haze,
Beluga,
Berry Blast,
Berry Blizzard,
Berry Haze,
Berry White,
Big Buddha Cheese,
Big Buddha Haze,
Bio Amnesia,
Bio Amnesia Haze,
Bio Green,
Bio Haze,
Bio White Widow,
Biscoff,
Biscotti,
Biscotti X,
Bizcochos,
Black Caviar,
Black Cherry Dream,
Black Cherry Gelato,
Black Diamond Skittlez Haze,
Black DOG,
Black Light,
Black MAC,
Black Magic,
Black Runtz,
Black Truffle,
Black Water,
Black Widow,
Black Widow Haze,
BLACK ZUSHI,
BLACK ZUSHI 424,
Black/Yellow Zushi,
Blackberry,
Blackberry Cream,
Blackberry Yoda,
Blackout Bobby,
Blanco,
Blanco Cookies,
Bleu Berry,
Bling Blaow,
Blizzard Cherry,
Block Runtz,
Blood Orange,
Blue Basquiat,
Blue Berry,
Blue Berry Gelato Kush,
Blue Candy,
Blue Candy Dodgers,
Blue Cheese,
Blue Cheese Haze,
Blue Coma,
Blue Cookies,
Blue Dream,
Blue Face,
Blue Gelato,
BLUE GELATO 41,
Blue Gem,
Blue Guava,
Blue Guava Runtz,
Blue Ice,
Blue Lagoon,
Blue Magic,
Blue Mochi,
Blue Monster,
Blue Muffin,
Blue Nerds,
Blue Peaches,
Blue Runtz,
Blue Sherbert,
Blue Unicorn Poop,
Blue Warheadz,
Blue Z,
Blue Zkittlez,
Blue Zoap,
Blue Zushi,
"Blue Zushi ""The Clown""",
"Blue Zushi ""The Crown""",
Blueberry,
Blueberry Cheese,
Blueberry Grape,
Blueberry Haze,
Blueberry Kush,
BlueBerry OG,
Blueberry Pancake,
Blueberry Zkittlez,
Bolo Runtz,
Bonzai,
Brainbow,
British Delight,
Bruce Banner,
Bubba Kush,
Bubble Gum,
Bubble Kush,
Bubble Runtz,
Bubblegum,
Bubblegum Bio,
Bubblegum Biscotti,
Bubblegum Cookies,
Bubblegum Popperz,
Bubblegum Runtz,
Bubblegum Z,
Bubblegun Cookies,
Budda Cheese,
Buddha Cheese,
Buddha Haze,
Buddhas Sister,
Buiten Wiet,
Bullwackie Speical,
Bussin Berry,
Butter Cookie,
Butter Cream Gelato,
Cady Kush,
Cake Crushers,
Cali,
Cali Kush,
Cali Orange,
Cali Pineapple,
Cali Runtz,
Cali Weed,
California Love,
California OG,
Canadian Kush,
Candy Cheese,
Candy Crush,
Candy Delight,
Candy Float,
Candy Fumes,
Candy Fumez,
Candy Kush,
Candy Land,
Candy Nerdz,
Candy Paint,
Candy Popcorn,
Candy Rain,
Candy Reserve,
Candy Runt,
Candy Runtz,
Candy Store,
Candy Warhol,
Candyland,
Caramel Cream,
Caramel Salted Cake,
Carbon Fiber,
Caribbean Candy,
Carmona Crazy Haze,
Carrot Cake,
Casey Jones,
Cassis,
Cement Shoes,
Central Lady,
Central Lemon Haze,
Cereal Milk,
Cereza OG,
Champagne Haze,
Cheese,
Cheese Banger,
Cheese Biscotti,
Cheese Cake,
Cheese Candy,
Cheese Runtz,
Cheesebanger,
Cheetah,
Cheetah Piss,
Cheetos,
Chello,
ChemDawg,
Cherries,
Cherry Ape,
Cherry Banana,
Cherry Biscotti,
Cherry Bolt,
Cherry Bomb,
Cherry Boof,
Cherry Cola,
Cherry Cosmo,
Cherry Expo,
Cherry Gar See Ya,
Cherry Gelato,
Cherry Kush,
Cherry Lime Runtz,
Cherry Pie,
Cherry Pie Runtz,
Cherry Poison,
Cherry Popper Runtz,
Cherry Poppers,
Cherry Popperz,
Cherry Soda,
Cherry Sprite,
Cherry Tartz,
Cherrylato,
Choco Bio,
Choco Kush,
Choco Orange,
Chocolate Biscotti,
Chocoloco,
Chocolope,
Chocolope Cream,
Churro,
Cinnamon Milk,
Citral,
Clementine,
CLOUD 9,
Cola Kush,
Comic Cough,
Cookie Crunch,
Cookie Gelato,
Cookie kush,
Cookies,
Cookies & Cream,
COSMO 30,
Cotton Candy,
Crab Legs,
Cranberry Fruits,
Crazy Widow,
Cream,
Cristal,
Critial,
Critial Kush,
Critial Mass,
Crockett's Dawg,
Crunch Berries,
Crunch Berries x White Z,
Cry Baby,
Crystal,
Crystal Mountain,
Current Jam,
Cuz Z' Amato,
D Lish,
D&L Special,
D-Lish x Runtz,
D.O.G,
Da Gazy,
Daily Grape,
Damnesia,
Dark Matter,
Dawg Walker,
DDV3,
Dealer's Choice,
Death Row Zangria,
Devil Haze,
Devil Kush,
Diamond Dust,
DIAMOND G-13 HAZE,
Diamond Haze,
Diesel cross,
Dirty Fana,
Dirty Z,
Disco Cookies,
Do Amercia,
Dolato,
Donkey Butter,
Donut,
Dope Z,
Dopelato,
Dopescotti,
Dosidos,
Double Lemon Cherry,
Dr. Grinspoon,drgrinspoon.png
Dragonball Z Blue,
Dream Maker,
Dreams Gold,
Dreams Light,
Drew's Dreams,
DRIZZLE 41,
Ducksauce,
Dulce Fresca,
Dulche De Leche,
Duraznos,
DuraZnoz,
Durban Berry,
Dutch Diamond,
Dutch Dragon,
Dutch Haze,
Dutch Lemon Cherry Gelato,
Dutch Pink Panties,
Dutch Red Beard,
DUTCH RS11,
Dutch Zkittlez,
Dynamite,
Edelweis,
El Azul,
El Chapo,
El Chappo,
El Trumpo,
Electric Cherry,
Electric Ice,
Enemy of the State,
Exodus Cheese,
Extremist,
Fabuloza,
Face Melterz,
Falcon,
Fig and Cherry,
Fizzy Zkittles,
Flor Morada,
Forbbiden Fruit,
Forbidden Fruit,
Forbidden Fruit Cake,
Fortune Cookie,
Fracio,
Frisian Dew,
Frosted Kush,
Frosted Nugz,
Frosty Girl Scout Cookies,
Frozen Dessert,
Frozen Grapes,
Fruit Punch,
Fruit Ztripez,
Fruitcake,
Fruity Jack,
Fruity Pebbles,
Fruity Punch,
Fugazi,
Fun Dip,
Funky Rainbow Gelato,
Funny Skunk,
Fuzu,
G Unit,
G-13,
G-63,
G13,
G13 AMNESIA,
G13 AMNESIA HAZE,
G13 Mr. Nice,
G15 HAZE,
GAK,
Garlic Cookies,
Garlic Icing,
Gary Owens,
Gary Payton,
Gary Pie,
Gas Face,
Gas Gimlet,
Gas Nana US,
Gas OG,
Gaschata,
Gasolini,
Gass Face,
Gass Fuel,
Gassy Zoap,
Gaz OG,
Gelato,
Gelato #44,
Gelato #74,
GELATO 33,
GELATO 33 USA,
GELATO 41,
GELATO 41 X DO-SI-DOS,
Gelato Cake,
Gelato Candy,
Gelato Cookie Kush,
Gelato Gum,
Gelato Mintz,
Gelato Poppaz,
Gelato Skittlez,
Gelato Sundae,
Gelato x Runtz,
Gelonade,
Gelonade X,
Georgia Pie,
Georgie Pie,
Ghanian,
Ghost Cherriez,
Ghost Rider,
Ghost Train,
Giltter Bomb,
Giraffe Pussy,
Giraffe Puzzy,
Girl Scout,
Girl Scout Cookies,
Gizmo,
Glazed Donut,
Glitter Bomb,
GMO Cookies,
Godfather,
Godfather OG,
Godzilla,
Golden Haze,
Golden Kush,
Golden Lemon,
Golden Twist,
Goofiez,
Gorilla,
Gorilla Blue,
Gorilla Breath,
Gorilla Cheese,
Gorilla Cookies,
Gorilla Glue,
Gorilla Kush,
Gorilla Z,
Gorilla Zkittles,
Gorilla Zkittlez,
Grand Daddy Purple,
Grandma's Cookies,
Grape Candy,
Grape Gas,
Grape Jello,
Grape Soda,
Grape Stomper,
Grapefruit Haze,
Grapefruit X,
Grapefruit Z,
Grapes N' Cream,
Grease Monkey,
Great White Shark,
Green Beans,
Green Candy,
Green Crack,greencrack.png
Green Magic Haze,
Grenadline,
Grey Goose,
Grey Haze,
Greyberry,
Grid Lock,
Gridlock,
Griselda Guava,
GUARANA 41,
Guava,
Guava Cookie Gelato,
Guava Gelato,
Guavalato,
Gumball,
Gumbo,
Gummy Bears,
Gusher x OG Runtz,
Gushers,
Happy Bubbles,
Happy Haze,
Hardcore OG,
Havatiz,
Hawaii Haze,
Hawaii Skunk,
Hawian Cookies,
Hawian Haze,
Hayatiz,
Haze,
Haze Haze,
Haze Mix,
Haze Monkeys,
Head Fake,
Headbanger,
Headbanger OG,
Heaven Haze,
Heavenly Beltz,
Hermes Headband OG,
Hermes OG,
Highlighters,
Himalaya Mountain,
Hindi Kush,
Hindu Kush,
Hollands Hoop,
Holy Grail,
Holy Kosher,
Honey Banana,
Honey Runtz,
Horchata,
Hot Lava,
HuckleBerry,
Hugo,
Hunters Lemon Haze,
Hunters Permanent Marker,
Ice,
ICE Cookie,
Ice Cream,
Ice Cream Cake,
Ice Cream Cookies,
Ice Cream Gelato,
Iced White Widow,
Imposter,
India Skunk,
Indonesia Grass,
Insane OG,
Iron Lung,
Isaac Haze,
Jack Haze,
Jack Herer,
Jack Herrer,
Jakisco Runts,
Jalisco Runtz,
Jamaica,
Jamaican,
Jamaican Sweetness,
Jealousy,
Jelly Roll,
Jet Fuel,
JET FUEL G6,
Jet Fuel USA,
Jetfuel,
Judgement Day,
Juicy Fruit,
Juicy Fruit OG,
Juji Fruits,
Jungle,
Jungle Haze,
Jungle Juice,
Juniper Gold,
Jus D'Orange,
K-Hole,
Kabosu,
Kabosu Zozi,
Kabouter,
Kabouter Amnesia,
Kali Mist GMO,
Kandy Kush,
Karel's Haze,
Katsu Haze,
Ketaina,
Khalifa Mints,
Kilimanjaro,
Kill The CEO,
King Kong,
King Mamba,
King White Willem,
Kings Juice,
Knockout OG,
Kookiez,
Kosher,
Kosher Kush,
Kosher OG,
Kosher Tangie Kush,
Kosher Zizi,
Kush,
Kush Berry,
Kush Mintz,
Kushimelon,
L.A. Cookies,
La Bomba,
LA Confidential,
LA Cookies,
La POP,
LA Sister,
La Tertulia Haze,
LA Wagyu,
Lavender,
LC 11,
LCG,
Leamon Haze,
Lemon,
Lemon Bars,
Lemon Bean,
Lemon Bomb,
Lemon Bubble,
Lemon Cheese,
Lemon Cherry,
Lemon Cherry Gelato,
Lemon Cherry Runtz,
Lemon Cherry Zkittlez,
Lemon Eclipse,
Lemon Haze,lemonhaze.png
Lemon Ice,
Lemon Mimosa,
Lemon Mintz,
Lemon Orange,
Lemon Pop,
Lemon Poppers,
Lemon Popperz,
Lemon Runtz,
Lemon Skunk,
Lemon Taffy,
Lemon Tree Kush,
Lemon Tree x Zkittlez,
Lemon Z,
Lemonatti,
LFG,
Liberty Haze,
Limelight,
Limesickle,
Lobster Tail,
London Pound Cake,
Lost Pearl,
LOVE 69,
Love Jones,
Lucky Charms,
Lucy,
Luguna Beach Berries,
M2,
MAC,
MAC #2,
MAC 1,
MAC Daddy,
MAC Donut,
MAC OG,
Magic Marker,
Maine Lobster Tail,
Mako Haze,
Malibu,
Malibu Marker,
Malibu Runtz,
Mandarine Cookies,
Manderine Cookies,
Mango,
Mango Haze,
Mango Kush,
Mango Sapphire,
Mango Zkittles,
Maroc Super,
Marshmallow,
Marshmallow OG,
Master Kush,
Master Kush Ultra,
Medellin,
Mega Haze,
Mega Z Dark,
Mega-Z,
Melon Nishi,
Melonade,
Menage Coke,
Mendo Breath,
Mexican Haze,
Mexican Silver Haze,
Miami Punch,
Mike's Meringue,
Milkshake Choco,
Milkshake Haze,
Mimosa,
Mimosa Kush,
Mini NL,
Miracle Alien Cookie,
Miracle Alien Cookies,
Miracle Mintz,
Mister Nice,
Misty,
Mochi,
Mochi Gelato,
Mochi Latti,
Mochilatti,
Mokum OG Kush,
Mokum Velvet,
Monaco,
Monaco Octane,
Moncherry,
Monchi,
Monster,
Moon Balls,
Moon Cookies,
Moon Flower,
Moonrocks,
Moonrocks Rollex,
Moonshine Haze,
Mop Chopper,
Moroccan Runtz,
Mother of Berries,
Motorbreath,
Ms Shiva,
Mylar Magic,
Mystery,
Mystic Marker,
Mystical Berry,
N.Y. Diesel,
Narstie Glue,
Nepal Kush,
Neville's Haze,
Nevilnesia,
New Era Exotics,
New York Diesel,
Nice Speical,
Nightshade,
NL5 X HAZE,
NLX,
No Name,
Northern Lights,
O.G,
Obama Runtz,
ODV3,
OG #18,
OG Amnesia,
OG Haze,
OG Kush,
OG Rolex Kush,
OG Seventh,
OG Traingle Mintz,
Oishi,
Oishii,
OJ Kush,
Old Amsterdam (Cheese),
Orange Bud,
Orange Cookies,
Orange Delight,
Orange Gelato,
Orange Glue,
Orange Gushers,
Orange Juice,
Orange Magic,
Oreo (HG),
Oreo Blizzy,
Oreo Cookie,
Oreo Cookies,
OreoKush,
Oreoz,
Organic,
Organic Green,
ORIGINAL G13,
Original UK Cheese,
Original Z,
Originalz,
Orignal Z,
Oysterz,
Ozark,
OZK,
Pacific Mix,
Pancake,
Pancakes,
Papaya,
Papaya Frosting,
Papaya Sorbet,
Papya Mosa,
Paradise OG,
Paradise OG #2,
Peacemaker,
Peach Nishi,
Peach Ringz,
Peach Tree,
Peaches,
Peanut Butter B,
Peanut Butter Rockstar,
Permanent Marker,
Permanent Marker x Taffie,
Peyote Breath,
PH 89,
Phantom OG,
Pineapple Cake,
Pineapple Chunk,
Pineapple Cookies,
Pineapple Express,
Pineapple Haze,
Pineapple Kush,
Pineapple Punch,
Pineberry,
Pink Cheese,
Pink Guava,
Pink Haze,
Pink Kush,
Pink Panther,
Pink Runtz,
Pink Sherbert,
Pink Sherbet,
Pink Shoreline,
Pink Sugar,
Pinkz,
Pinyatti Haze,
Planet Peach,
Platnum Kush Breath,
Platnum OG,
Plirple OG,
Poison OG,
Pop Star,
Popcorn Sativa,
Popcorn USA,
Popeye Mix Shake,
Poptaros,
Pornstar Martini,
Potion,
Pound for Pound Cake,
Power,
Power Plant,
Powerplant,
PP,
PP White Widow,
Pressure,
Pubbly,
Purple,
Purple Berry,
Purple Biscotti,
Purple Chemdawg,
Purple Cherry Popper,
Purple Churro,
Purple Cookies,
Purple Dino,
Purple Fuel,
Purple Gaz,
Purple Goo,
Purple Gummies,
Purple Haze,
Purple Kosher,
Purple Kush,
Purple Lemon Cherry,
Purple Merengue,
Purple Michigan,
Purple Mimosa,
Purple Moon Cake,
Purple Nerds,
Purple OG Kush,
Purple Outdoor,
Purple Palmtree Delight Pineapple,
Purple Power,
Purple Punch,
Purple Pussy,
Purple Runch,
Purple Tropicana,
Puzu,
Quantum Kush,
Rainbow,
Rainbow Guava,
Rainbow Runtz,
Rainbow Runtz USA,
Rainbow Sherbert,
Rainbow Sherbet,
Rainbow Truffle,
Rainbow Warrior,
Rainbow Zkittles,
Rappers Weed,
Rare Candy,
Raspberry Punch,
Raspberry Waffles,
Rebel Haze,
Red Beard,
Red Bullz,
Red Congolese,
Red Crystal,
Red Runtz,
Red Slabz,
Red Taffy,
Resin Haze,
Rinse,
Rockstar,
Rocky Dennis,
Rokerij Exclusive AMG,
Rolex,
Rolex Kush,
Rolex OG,
Rolex OG Kush,
Rollex OG,
Rollex OG Cream & Cookie,
Root Bear,
Ropeium,
Roxy Kush,
Royal Cheese,
Royal Solo,
RS-11,
RS11,
Rucu Cucu OG,
RudeBoi OG,
Runtz,
Runtz Muffin,
Runtz OG,
Runtz x Fruitloopz,
S.F.V.OG,
S.G. Runtz,
S5 HAZE,
Sakura,
Santa Maria,
Sativa Popcorn,
Scumbags,
Secret Sauce,
Secret Weapon,
Sekai Ichi,
SenSation,
Sensemilla Special,
Sensi,
Sensi Milla,
SFV OG,
Shady Certz,
Shamaberry,
Sherbanger,
SHERBANGER 22,
Sherbcocktail,
Sherbert,
Sherbert Cheese,
Sherbert Zkittlez,
Sherblato,
Shining Silver Haze,
Shiranui,
Shiska Berry Kush,
Shiva Skunk,
Shooo,
Shoreline,
Silver,
Silver Bubble,
Silver Haze,
Silver K,
Silver Skunk,
Sirius Black,
Skilato,
Skilatti,
Skittlez Mintz,
Skunk,
Skunk .W.W,
Sky Walker,
Sky Walker OG,
Skywalker,
Slapz,
Slurricane,
Smarties,
Smooth Operator,
Smoothiez,
Snow Cake,
Snow Caps,
Snow White,
SnowRyder,
So Cool max,
So G Kush,
Softland Sage,
Solo Runtz,
Solo-Mix,
Somari,
Sour Apple,
Sour Apple Diesel,
Sour Apple Haze,
Sour Blast,
Sour Cookies,
Sour Cream,
Sour Diesel,
Sour Diesel x Captain Krypt OG,
Sour Dough,
Sour Gas,
Sour Haze,
Sour Lemon,
Sour Orange,
Sour Runtz,
Sour Strawberry,
Sour Tangerine,
Sour Zkittles,
Space Candy,
Space Queen,
Space Zootie,
Special Queen,
Special Runtz,
Spicy Ramen,
Spirit Haze,
Spirit Super Skunt,
SS,
SS Amnesia Haze,
Starburst,
Stardawg,
Stardawg x GMO,
Starz,
Sticky Rice,
Strawberry,
Strawberry Amnesia,
Strawberry Banana Kush,
Strawberry Dream,
Strawberry Haze,
Strawberry Kush,
Strawberry Lemonade,
Strawberry Panda,
Strawberry Pocky,
Strawberry Sour Diesel,
Strawberry Super Silver,
Strwberry Banana,
Sugar Biscuit,
Sugar Dreams,
Sugar Shack,
Sugarland,
Sundae Driver,
Sunday Driver,
Sunny D,
SunRocks,
Sunset,
Sunset Haze,
Sunset Sherbert,
Super,
Super Bio,
Super Boof,
Super Boof x Agent Orange,
Super Candy Millo,
Super Gremlin,
Super Haze,
Super Kush,
Super Lemon Haze,
Super Mazing,
Super Polm,
Super Runtz,
SUPER SILVER,
SUPER SILVER G13,
Super Silver Haze,
Super Skunk,
Super Sonic,
Super Thai,
Supernova,
Superskunk,
Supreme OG,
Sweet Gelato,
Sweet Mary,
Sweet Plant,
Sweet Punch,
Sweet Retreat,
Sweet Suagr Haze,
Sweets,
T-Zoda-Meyhem,
Tahoe OG,
Tai,
Tamalez,
Tangerine,
Tangerine Dream,
TANGERINE G13,
Tangerine Mango Haze,
Tanoeray,
Tante Miep,
Tao Cherry Gelato,
Tea Party,
Texel,
Thai,
Thai Stick,
The Corner Haze,
The Green Mack,
The Imposter,
The Keeper,
The MAC,
The Methode,
The Original Z,
The Tide,
Thin Mint Cookies,
Thomas Shelby,
Thor's Hammer,
Thunder Fruit,
Tide,
Tiramisu,
Toad,
Toad Venom,
Tokio Sunset,
Toothpaste,
Traditional Cookies,
Trap Pussy,
Trap Story,
Traplato,
Trapscotti,
Triangle Kush,
Triangle Mints #23,
Triangle OG,
Triple Platinum,
Tropical,
Tropical Banana,
Tropical Cherry,
Tropical Dreams,
Tropical Fruits,
Tropical Haze,
Tropical Nerds,
Tropical Neroz,
Tropical Zangria,
Tropicana,
Tropicana Banana,
Tropicana Cherry,
Tropicana Cookies,
Tropicana Runtz,
Trufflez,
Turkish Delight,
Tutti Frutie,
Tzunami,
UK Cheese,
Uncle Snoop,
Unknown,
USA,
Vanilla Drops,
Vanilla Glitter Glue,
Vanilla Kush,
Vaporu,
Versace,
Versace x Zkittls,
Verzace,
Vice City,
Violater,
Violater Kush,
Vision,
Waalwijks Wit,
Wagyu,
Watermelon,
Watermelon Nishi,
Watermelon Skittlez,
Watermelon Zkittlez,
Watermelon-z,
Wazabi,
Wedding Cake,
Wedding Cake Kush,
Wedding Cheese Cake,
Wedding Crasher,
White Bacio,
White Balloon,
White Boy Zlushie,
White Candy,
White Castle,
White Cherry Gelato,
White Choco,
White Choco Haze,
White Chocolate Orange,
White Grape,
White Gumbo,
White Gummies,
White Haze,
White Hulk,
White Mimosa,
White Peach,
White Rabbit,
White Rhino,
White Runtz,
White Runtz USA,
White Russian,
White Shark,
White Sherbet,
White Skunk,
White Stilton Gold,
White Taffy,
White Truffle,
White Truffle Clones,
White Trufflez,
White Widow,
White Widow Lamp,
Wifi Mints,
Wine Berry,
Wizard Punch,
Wizzy,
Wizzy x Black Magic,
Wocky Slush,
WW-Cristal,
Yellow Runtz,
Yellow Z,
Yellow Zushi,
Yubari Gold,
Yuzu Lati,
Z Bazz,
Z Foam,
Z Four,
Z-Candy,
Z-Lish,
Z41,
Zalah Bread,
Zang Banger,
Zangria,
ZANGRIA S1,
Zanoria,
Zashimi,
Zeebass,
Zelonade,
Zensation,
Zereal Killer,
Zheetos,
Zikigal,
Zillions,
Zilver Haze,
Zizi,
Zkittles,
Zkittles OG,
Zkittles x Sherbanger,
Zkittles X The Toad,
Zkittlez,
Zoap,
Zoap x Zkittles,
Zoaww,
Zombie Cheese,
Zombie Kush,
Zombie OG,
Zombieland,
Zoozlez,
Zoro,
Zour Candy,
Zour Z,
Zours,
Zowahh,
Zowahh Bio,
Zoy,
Zoza,
Zprite,
Ztopia,
Ztrawberry,
Zucotti,
Zushi,
Zutopia,
Zuyaqui,